Workbook

Sheet 1. Input Data
A1: KALIBRASI ALAT DETEKSI GLUKOSA NON-INVASIF
A2: ESP32 + MAX30102 | Regresi Linear Berganda | 26 Sampel (18 digunakan)
E10: MeanIR | F10: R | G10: Glukosa
A11: 1 | B11: Subjek 1 | D11: Puasa | E11: 102174.7 | F11: 0.8849 | G11: 123
A12: 2 | B12: Subjek 2 | D12: 2 jam setelah makan | E12: 107806.72 | F12: 0.9897 | G12: 97
A13: 3 | B13: Subjek 3 | D13: Puasa | E13: 106982.13 | F13: 0.8444 | G13: 104
A14: 4 | B14: Subjek 4 | D14: 1 jam setelah makan | E14: 93075.38 | F14: 0.9969 | G14: 89
A15: 5 | B15: Subjek 5 | D15: Puasa | E15: 106251.07 | F15: 0.9861 | G15: 128
A16: 6 | B16: Subjek 6 | D16: 3 jam setelah makan | E16: 94517.82 | F16: 1.0781 | G16: 99
A17: 7 | B17: Subjek 7 | D17: Puasa | E17: 114596.08 | F17: 0.9713 | G17: 84
A18: 8 | B18: Subjek 8 | D18: 2 jam setelah makan | E18: 110484.33 | F18: 0.9995 | G18: 117
A19: 9 | B19: Subjek 9 | D19: Puasa | E19: 109870.43 | F19: 0.9919 | G19: 174
A20: 10 | B20: Subjek 10 | D20: 1 jam setelah makan | E20: 112759.15 | F20: 0.9984 | G20: 136
A21: 11 | B21: Subjek 11 | D21: Puasa | E21: 113714.23 | F21: 1.2941 | G21: 75
A22: 12 | B22: Subjek 12 | D22: 2 jam setelah makan | E22: 105485.73 | F22: 0.7678 | G22: 129
... A36: 26 | B36: Subjek 26 | D36: Puasa | E36: 100000 | F36: 1.12 | G36: 80
A37: ✅ Kuning = 18 data terpilih untuk regresi (8 asli + 10 tambahan) | 🔴 Merah = data tidak dipakai
A38: Data tidak dipakai: Sampel 5,8,9,10 (kurang representatif) | 11,13,14 (R outlier) | 15 (MeanIR outlier)

Sheet 2. Regresi & Hasil
A1: PERHITUNGAN REGRESI LINEAR BERGANDA
A2: Model: Glukosa (Y) = a + b₁ · Mean IR (X₁) + b₂ · R (X₂)
M4: KOEFISIEN REGRESI
M5: Parameter | N5: Nilai | O5: Keterangan
A6: 1 | B6: ='1. Input Data'!E11 -> 102174.7 | C6: ='1. Input Data'!F11 -> 0.8849 | D6: ='1. Input Data'!G11 -> 123 | E6: =IFERROR(IF(AND(ISNUMBER(B6),ISNUMBER(C6),ISNUMBER(D6)),$N$7+$N$8*B6+$N$9*C6,""),"") -> 117.6151 | F6: =IFERROR(IF(AND(ISNUMBER(D6),ISNUMBER(E6)),D6-E6,""),"") -> 5.3848974 | G6: =IFERROR(IF(ISNUMBER(F6),F6^2,""),"") -> 28.99712 | H6: =IFERROR(IF(ISNUMBER(D6),(D6-IFERROR(AVERAGE(D6:D13),0))^2,""),"") -> 395.01562
A7: 2 | B7: ='1. Input Data'!E12 -> 107806.72 | C7: ='1. Input Data'!F12 -> 0.9897 | D7: ='1. Input Data'!G12 -> 97 | E7: =IFERROR(IF(AND(ISNUMBER(B7),ISNUMBER(C7),ISNUMBER(D7)),$N$7+$N$8*B7+$N$9*C7,""),"") -> 92.610667 | F7: =IFERROR(IF(AND(ISNUMBER(D7),ISNUMBER(E7)),D7-E7,""),"") -> 4.3893331 | G7: =IFERROR(IF(ISNUMBER(F7),F7^2,""),"") -> 19.266245 | H7: =IFERROR(IF(ISNUMBER(D7),(D7-IFERROR(AVERAGE(D6:D13),0))^2,""),"") -> 37.515625 | M7: a (Intercept) | N7: =IFERROR(INDEX(LINEST(D6:D23,B6:C23,TRUE(),TRUE()),1,3),"—") -> 390.11937 | O7: Konstanta / nilai awal
A8: 3 | B8: ='1. Input Data'!E13 -> 106982.13 | C8: ='1. Input Data'!F13 -> 0.8444 | D8: ='1. Input Data'!G13 -> 104 | E8: =IFERROR(IF(AND(ISNUMBER(B8),ISNUMBER(C8),ISNUMBER(D8)),$N$7+$N$8*B8+$N$9*C8,""),"") -> 119.43047 | F8: =IFERROR(IF(AND(ISNUMBER(D8),ISNUMBER(E8)),D8-E8,""),"") -> -15.430467 | G8: =IFERROR(IF(ISNUMBER(F8),F8^2,""),"") -> 238.09933 | H8: =IFERROR(IF(ISNUMBER(D8),(D8-IFERROR(AVERAGE(D6:D13),0))^2,""),"") -> 0.765625 | M8: b₁ (Mean IR) | N8: =IFERROR(INDEX(LINEST(D6:D23,B6:C23,TRUE(),TRUE()),1,2),"—") -> -0.0011236672 | O8: Pengaruh Mean IR thd Y
A9: 4 | B9: ='1. Input Data'!E14 -> 93075.38 | C9: ='1. Input Data'!F14 -> 0.9969 | D9: ='1. Input Data'!G14 -> 89 | E9: =IFERROR(IF(AND(ISNUMBER(B9),ISNUMBER(C9),ISNUMBER(D9)),$N$7+$N$8*B9+$N$9*C9,""),"") -> 107.88071 | F9: =IFERROR(IF(AND(ISNUMBER(D9),ISNUMBER(E9)),D9-E9,""),"") -> -18.880712 | G9: =IFERROR(IF(ISNUMBER(F9),F9^2,""),"") -> 356.48129 | H9: =IFERROR(IF(ISNUMBER(D9),(D9-IFERROR(AVERAGE(D6:D13),0))^2,""),"") -> 199.51562 | M9: b₂ (R / Rasio) | N9: =IFERROR(INDEX(LINEST(D6:D23,B6:C23,TRUE(),TRUE()),1,1),"—") -> -178.20534 | O9: Pengaruh Rasio Red/IR thd Y
A10: 5 | B10: ='1. Input Data'!E16 -> 94517.82 | C10: ='1. Input Data'!F16 -> 1.0781 | D10: ='1. Input Data'!G16 -> 99 | E10: =IFERROR(IF(AND(ISNUMBER(B10),ISNUMBER(C10),ISNUMBER(D10)),$N$7+$N$8*B10+$N$9*C10,""),"") -> 91.789616 | F10: =IFERROR(IF(AND(ISNUMBER(D10),ISNUMBER(E10)),D10-E10,""),"") -> 7.2103841 | G10: =IFERROR(IF(ISNUMBER(F10),F10^2,""),"") -> 51.989638 | H10: =IFERROR(IF(ISNUMBER(D10),(D10-IFERROR(AVERAGE(D6:D13),0))^2,""),"") -> 17.015625 | M10: R² | N10: =IFERROR(INDEX(LINEST(D6:D23,B6:C23,TRUE(),TRUE()),3,1),"—") -> 0.93459193 | O10: Koef. determinasi (0–1)
A11: 6 | B11: ='1. Input Data'!E17 -> 114596.08 | C11: ='1. Input Data'!F17 -> 0.9713 | D11: ='1. Input Data'!G17 -> 84 | E11: =IFERROR(IF(AND(ISNUMBER(B11),ISNUMBER(C11),ISNUMBER(D11)),$N$7+$N$8*B11+$N$9*C11,""),"") -> 88.260664 | F11: =IFERROR(IF(AND(ISNUMBER(D11),ISNUMBER(E11)),D11-E11,""),"") -> -4.2606641 | G11: =IFERROR(IF(ISNUMBER(F11),F11^2,""),"") -> 18.153258 | H11: =IFERROR(IF(ISNUMBER(D11),(D11-IFERROR(AVERAGE(D6:D13),0))^2,""),"") -> 365.76562 | M11: Std Error | N11: =IFERROR(INDEX(LINEST(D6:D23,B6:C23,TRUE(),TRUE()),3,2),"—") -> 8.2747414 | O11: Standar error estimasi
A12: 7 | B12: ='1. Input Data'!E22 -> 105485.73 | C12: ='1. Input Data'!F22 -> 0.7678 | D12: ='1. Input Data'!G22 -> 129 | E12: =IFERROR(IF(AND(ISNUMBER(B12),ISNUMBER(C12),ISNUMBER(D12)),$N$7+$N$8*B12+$N$9*C12,""),"") -> 134.76245 | F12: =IFERROR(IF(AND(ISNUMBER(D12),ISNUMBER(E12)),D12-E12,""),"") -> -5.7624521 | G12: =IFERROR(IF(ISNUMBER(F12),F12^2,""),"") -> 33.205854 | H12: =IFERROR(IF(ISNUMBER(D12),(D12-IFERROR(AVERAGE(D6:D13),0))^2,""),"") -> 669.51562
A13: 8 | B13: ='1. Input Data'!E26 -> 118495.54 | C13: ='1. Input Data'!F26 -> 0.8387 | D13: ='1. Input Data'!G26 -> 100 | E13: =IFERROR(IF(AND(ISNUMBER(B13),ISNUMBER(C13),ISNUMBER(D13)),$N$7+$N$8*B13+$N$9*C13,""),"") -> 107.509 | F13: =IFERROR(IF(AND(ISNUMBER(D13),ISNUMBER(E13)),D13-E13,""),"") -> -7.5089968 | G13: =IFERROR(IF(ISNUMBER(F13),F13^2,""),"") -> 56.385033 | H13: =IFERROR(IF(ISNUMBER(D13),(D13-IFERROR(AVERAGE(D6:D13),0))^2,""),"") -> 9.765625 | M13: PERSAMAAN HASIL KALIBRASI
A14: 9 | B14: ='1. Input Data'!E27 -> 108500 | C14: ='1. Input Data'!F27 -> 0.715 | D14: ='1. Input Data'!G27 -> 145 | E14: =IFERROR(IF(AND(ISNUMBER(B14),ISNUMBER(C14),ISNUMBER(D14)),$N$7+$N$8*B14+$N$9*C14,""),"") -> 140.78466 | F14: =IFERROR(IF(AND(ISNUMBER(D14),ISNUMBER(E14)),D14-E14,""),"") -> 4.2153423 | G14: =IFERROR(IF(ISNUMBER(F14),F14^2,""),"") -> 17.769111 | H14: =IFERROR(IF(ISNUMBER(D14),(D14-IFERROR(AVERAGE(D6:D23),0))^2,""),"") -> 1381.3611
A15: 10 | B15: ='1. Input Data'!E28 -> 103200 | C15: ='1. Input Data'!F28 -> 0.695 | D15: ='1. Input Data'!G28 -> 152 | E15: =IFERROR(IF(AND(ISNUMBER(B15),ISNUMBER(C15),ISNUMBER(D15)),$N$7+$N$8*B15+$N$9*C15,""),"") -> 150.3042 | F15: =IFERROR(IF(AND(ISNUMBER(D15),ISNUMBER(E15)),D15-E15,""),"") -> 1.6957994 | G15: =IFERROR(IF(ISNUMBER(F15),F15^2,""),"") -> 2.8757357 | H15: =IFERROR(IF(ISNUMBER(D15),(D15-IFERROR(AVERAGE(D6:D23),0))^2,""),"") -> 1950.6944
A16: 11 | B16: ='1. Input Data'!E29 -> 111000 | C16: ='1. Input Data'!F29 -> 0.732 | D16: ='1. Input Data'!G29 -> 138 | E16: =IFERROR(IF(AND(ISNUMBER(B16),ISNUMBER(C16),ISNUMBER(D16)),$N$7+$N$8*B16+$N$9*C16,""),"") -> 134.946 | F16: =IFERROR(IF(AND(ISNUMBER(D16),ISNUMBER(E16)),D16-E16,""),"") -> 3.0540011 | G16: =IFERROR(IF(ISNUMBER(F16),F16^2,""),"") -> 9.3269228 | H16: =IFERROR(IF(ISNUMBER(D16),(D16-IFERROR(AVERAGE(D6:D23),0))^2,""),"") -> 910.02778
A17: 12 | B17: ='1. Input Data'!E30 -> 105800 | C17: ='1. Input Data'!F30 -> 0.68 | D17: ='1. Input Data'!G30 -> 158 | E17: =IFERROR(IF(AND(ISNUMBER(B17),ISNUMBER(C17),ISNUMBER(D17)),$N$7+$N$8*B17+$N$9*C17,""),"") -> 150.05575 | F17: =IFERROR(IF(AND(ISNUMBER(D17),ISNUMBER(E17)),D17-E17,""),"") -> 7.944254 | G17: =IFERROR(IF(ISNUMBER(F17),F17^2,""),"") -> 63.111172 | H17: =IFERROR(IF(ISNUMBER(D17),(D17-IFERROR(AVERAGE(D6:D23),0))^2,""),"") -> 2516.6944
A18: 13 | B18: ='1. Input Data'!E31 -> 109700 | C18: ='1. Input Data'!F31 -> 0.705 | D18: ='1. Input Data'!G31 -> 148 | E18: =IFERROR(IF(AND(ISNUMBER(B18),ISNUMBER(C18),ISNUMBER(D18)),$N$7+$N$8*B18+$N$9*C18,""),"") -> 141.21831 | F18: =IFERROR(IF(AND(ISNUMBER(D18),ISNUMBER(E18)),D18-E18,""),"") -> 6.7816896 | G18: =IFERROR(IF(ISNUMBER(F18),F18^2,""),"") -> 45.991314 | H18: =IFERROR(IF(ISNUMBER(D18),(D18-IFERROR(AVERAGE(D6:D23),0))^2,""),"") -> 1613.3611 | N18: =IFERROR(SQRT(IFERROR(SUM(G6:G23),0)/18),"—") -> 7.5537709
A19: 14 | B19: ='1. Input Data'!E32 -> 96000 | C19: ='1. Input Data'!F32 -> 1.135 | D19: ='1. Input Data'!G32 -> 78 | E19: =IFERROR(IF(AND(ISNUMBER(B19),ISNUMBER(C19),ISNUMBER(D19)),$N$7+$N$8*B19+$N$9*C19,""),"") -> 79.984255 | F19: =IFERROR(IF(AND(ISNUMBER(D19),ISNUMBER(E19)),D19-E19,""),"") -> -1.9842551 | G19: =IFERROR(IF(ISNUMBER(F19),F19^2,""),"") -> 3.9372683 | H19: =IFERROR(IF(ISNUMBER(D19),(D19-IFERROR(AVERAGE(D6:D23),0))^2,""),"") -> 890.02778 | N19: =IFERROR((IFERROR(ABS(F6/D6),0)+IFERROR(ABS(F7/D7),0)+IFERROR(ABS(F8/D8),0)+IFERROR(ABS(F9/D9),0)+IFERROR(ABS(F10/D10),0)+IFERROR(ABS(F11/D11),0)+IFERROR(ABS(F12/D12),0)+IFERROR(ABS(F13/D13),0)+IFERROR(ABS(F14/D14),0)+IFERROR(ABS(F15/D15),0)+IFERROR(ABS(F16/D16),0)+IFERROR(ABS(F17/D17),0)+IFERROR(ABS(F18/D18),0)+IFERROR(ABS(F19/D19),0)+IFERROR(ABS(F20/D20),0)+IFERROR(ABS(F21/D21),0)+IFERROR(ABS(F22/D22),0)+IFERROR(ABS(F23/D23),0))/18*100,"—") -> 6.0339792
A20: 15 | B20: ='1. Input Data'!E33 -> 98500 | C20: ='1. Input Data'!F33 -> 1.21 | D20: ='1. Input Data'!G33 -> 70 | E20: =IFERROR(IF(AND(ISNUMBER(B20),ISNUMBER(C20),ISNUMBER(D20)),$N$7+$N$8*B20+$N$9*C20,""),"") -> 63.809687 | F20: =IFERROR(IF(AND(ISNUMBER(D20),ISNUMBER(E20)),D20-E20,""),"") -> 6.1903133 | G20: =IFERROR(IF(ISNUMBER(F20),F20^2,""),"") -> 38.319979 | H20: =IFERROR(IF(ISNUMBER(D20),(D20-IFERROR(AVERAGE(D6:D23),0))^2,""),"") -> 1431.3611
A21: 16 | B21: ='1. Input Data'!E34 -> 102000 | C21: ='1. Input Data'!F34 -> 1.16 | D21: ='1. Input Data'!G34 -> 75 | E21: =IFERROR(IF(AND(ISNUMBER(B21),ISNUMBER(C21),ISNUMBER(D21)),$N$7+$N$8*B21+$N$9*C21,""),"") -> 68.787118 | F21: =IFERROR(IF(AND(ISNUMBER(D21),ISNUMBER(E21)),D21-E21,""),"") -> 6.2128816 | G21: =IFERROR(IF(ISNUMBER(F21),F21^2,""),"") -> 38.599897 | H21: =IFERROR(IF(ISNUMBER(D21),(D21-IFERROR(AVERAGE(D6:D23),0))^2,""),"") -> 1078.0278
A22: 17 | B22: ='1. Input Data'!E35 -> 95000 | C22: ='1. Input Data'!F35 -> 1.18 | D22: ='1. Input Data'!G35 -> 72 | E22: =IFERROR(IF(AND(ISNUMBER(B22),ISNUMBER(C22),ISNUMBER(D22)),$N$7+$N$8*B22+$N$9*C22,""),"") -> 73.088682 | F22: =IFERROR(IF(AND(ISNUMBER(D22),ISNUMBER(E22)),D22-E22,""),"") -> -1.088682 | G22: =IFERROR(IF(ISNUMBER(F22),F22^2,""),"") -> 1.1852285 | H22: =IFERROR(IF(ISNUMBER(D22),(D22-IFERROR(AVERAGE(D6:D23),0))^2,""),"") -> 1284.0278
A23: 18 | B23: ='1. Input Data'!E36 -> 100000 | C23: ='1. Input Data'!F36 -> 1.12 | D23: ='1. Input Data'!G36 -> 80 | E23: =IFERROR(IF(AND(ISNUMBER(B23),ISNUMBER(C23),ISNUMBER(D23)),$N$7+$N$8*B23+$N$9*C23,""),"") -> 78.162666 | F23: =IFERROR(IF(AND(ISNUMBER(D23),ISNUMBER(E23)),D23-E23,""),"") -> 1.8373336 | G23: =IFERROR(IF(ISNUMBER(F23),F23^2,""),"") -> 3.3757948 | H23: =IFERROR(IF(ISNUMBER(D23),(D23-IFERROR(AVERAGE(D6:D23),0))^2,""),"") -> 774.69444
A24: TOTAL / RATA² | B24: =IFERROR(AVERAGE(B6:B23),"—") -> 104046.34 | C24: =IFERROR(AVERAGE(C6:C23),"—") -> 0.92798889 | D24: =IFERROR(AVERAGE(D6:D23),"—") -> 107.83333 | E24: =IFERROR(AVERAGE(E6:E23),"—") -> 107.83333 | G24: =IFERROR(SUM(G6:G23),"—") -> 1027.0702 | H24: =IFERROR(SUM(H6:H23),"—") -> 15525.153 | M24: =IFERROR(CONCATENATE("Y = ",TEXT(N7,"0.0000")," + ",TEXT(N8,"0.0000"),"·X₁"," + ",TEXT(N9,"0.0000"),"·X₂"),"Isi data dulu") -> Y = 00.390 + 00.000·X₁ + -00.178·X₂
M26: EVALUASI MODEL
M27: Metrik | N27: Nilai | O27: Kriteria
M28: RMSE (mg/dL) | N28: =IFERROR(SQRT(IFERROR(SUM(G6:G13),0)/8),"—") -> 10.016098 | O28: < 20 mg/dL → bagus
M29: MAPE (%) | N29: =IFERROR((IFERROR(ABS(F6/D6),0)+IFERROR(ABS(F7/D7),0)+IFERROR(ABS(F8/D8),0)+IFERROR(ABS(F9/D9),0)+IFERROR(ABS(F10/D10),0)+IFERROR(ABS(F11/D11),0)+IFERROR(ABS(F12/D12),0)+IFERROR(ABS(F13/D13),0))/8*100,"—") -> 8.6607214 | O29: < 20% → dapat diterima
M30: R² | N30: =IFERROR(N10,"—") -> 0.93459193 | O30: ≥ 0.85 → model baik
M33: UJI COBA MODEL ALTERNATIF (1 Variabel)
M34: Membandingkan R² model 2 variabel vs masing-masing 1 variabel
M35: Model | N35: R² | O35: Kesimpulan
M36: X₁ + X₂ (model saat ini) | N36: =IFERROR(INDEX(LINEST(D6:D23,B6:C23,TRUE(),TRUE()),3,1),"—") -> 0.93459193 | O36: =IFERROR(IF(N26="—","Data kurang",IF(N26=MAX(N26:N28),"✅ Terbaik","")),"—")
M37: X₁ saja (Mean IR) | N37: =IFERROR(INDEX(LINEST(D6:D23,B6:B23,TRUE(),TRUE()),3,1),"—") -> 0.16261414 | O37: =IFERROR(IF(N27="—","Data kurang",IF(N27=MAX(N26:N28),"✅ Terbaik","")),"—")
M38: X₂ saja (R / Rasio) | N38: =IFERROR(INDEX(LINEST(D6:D23,C6:C23,TRUE(),TRUE()),3,1),"—") -> 0.89062294 | O38: =IFERROR(IF(N28="—","Data kurang",IF(N28=MAX(N26:N28),"✅ Terbaik","")),"—") -> ✅ Terbaik
M39: R² Tertinggi | N39: =IFERROR(MAX(N36:N38),"—") -> 0.93459193 | O39: =IFERROR(IF(N39="—","—",IF(N39=N36,"Gunakan X₁+X₂",IF(N39=N37,"Gunakan X₁ saja","Gunakan X₂ saja"))),"—") -> Gunakan X₁+X₂
M41: INTERPRETASI HASIL
M42: Jika X₂ saja (Rasio) > model X₁+X₂ → Mean Red mengganggu model, hapus X₁
M43: Jika X₁+X₂ tetap terbaik → lanjutkan normalisasi Mean Red ÷ 1000 lalu bandingkan ulang
M44: Jika semua R² < 0.5 → data perlu ditambah & rentang glukosa diperlebar

Sheet 3. Validasi & Grafik
A1: VALIDASI — Y AKTUAL vs Ŷ PREDIKSI
A2: Titik-titik mendekati garis diagonal → model akurat
K3: 60 | L3: 60
K4: 170 | L4: 170
A5: 1 | B5: ='2. Regresi & Hasil'!D6 -> 123 | C5: ='2. Regresi & Hasil'!E6 -> 117.6151 | D5: =IFERROR(IF(AND(ISNUMBER(B5),ISNUMBER(C5)),ABS(B5-C5),""),"") -> 5.3848974 | E5: =IFERROR(IF(AND(ISNUMBER(B5),ISNUMBER(D5),B5<>0),D5/B5*100,""),"") -> 4.3779653 | F5: =IFERROR(IF(ISNUMBER(E5),IF(E5<=10,"✅ Baik",IF(E5<=20,"⚠ Cukup","❌ Buruk")),"–"),"–") -> ✅ Baik | I5: ='2. Regresi & Hasil'!D6 -> 123 | J5: ='2. Regresi & Hasil'!E6 -> 117.6151
A6: 2 | B6: ='2. Regresi & Hasil'!D7 -> 97 | C6: ='2. Regresi & Hasil'!E7 -> 92.610667 | D6: =IFERROR(IF(AND(ISNUMBER(B6),ISNUMBER(C6)),ABS(B6-C6),""),"") -> 4.3893331 | E6: =IFERROR(IF(AND(ISNUMBER(B6),ISNUMBER(D6),B6<>0),D6/B6*100,""),"") -> 4.5250856 | F6: =IFERROR(IF(ISNUMBER(E6),IF(E6<=10,"✅ Baik",IF(E6<=20,"⚠ Cukup","❌ Buruk")),"–"),"–") -> ✅ Baik | I6: ='2. Regresi & Hasil'!D7 -> 97 | J6: ='2. Regresi & Hasil'!E7 -> 92.610667
A7: 3 | B7: ='2. Regresi & Hasil'!D8 -> 104 | C7: ='2. Regresi & Hasil'!E8 -> 119.43047 | D7: =IFERROR(IF(AND(ISNUMBER(B7),ISNUMBER(C7)),ABS(B7-C7),""),"") -> 15.430467 | E7: =IFERROR(IF(AND(ISNUMBER(B7),ISNUMBER(D7),B7<>0),D7/B7*100,""),"") -> 14.836988 | F7: =IFERROR(IF(ISNUMBER(E7),IF(E7<=10,"✅ Baik",IF(E7<=20,"⚠ Cukup","❌ Buruk")),"–"),"–") -> ⚠ Cukup | I7: ='2. Regresi & Hasil'!D8 -> 104 | J7: ='2. Regresi & Hasil'!E8 -> 119.43047
A8: 4 | B8: ='2. Regresi & Hasil'!D9 -> 89 | C8: ='2. Regresi & Hasil'!E9 -> 107.88071 | D8: =IFERROR(IF(AND(ISNUMBER(B8),ISNUMBER(C8)),ABS(B8-C8),""),"") -> 18.880712 | E8: =IFERROR(IF(AND(ISNUMBER(B8),ISNUMBER(D8),B8<>0),D8/B8*100,""),"") -> 21.214283 | F8: =IFERROR(IF(ISNUMBER(E8),IF(E8<=10,"✅ Baik",IF(E8<=20,"⚠ Cukup","❌ Buruk")),"–"),"–") -> ❌ Buruk | I8: ='2. Regresi & Hasil'!D9 -> 89 | J8: ='2. Regresi & Hasil'!E9 -> 107.88071
A9: 5 | B9: ='2. Regresi & Hasil'!D10 -> 99 | C9: ='2. Regresi & Hasil'!E10 -> 91.789616 | D9: =IFERROR(IF(AND(ISNUMBER(B9),ISNUMBER(C9)),ABS(B9-C9),""),"") -> 7.2103841 | E9: =IFERROR(IF(AND(ISNUMBER(B9),ISNUMBER(D9),B9<>0),D9/B9*100,""),"") -> 7.2832162 | F9: =IFERROR(IF(ISNUMBER(E9),IF(E9<=10,"✅ Baik",IF(E9<=20,"⚠ Cukup","❌ Buruk")),"–"),"–") -> ✅ Baik | I9: ='2. Regresi & Hasil'!D10 -> 99 | J9: ='2. Regresi & Hasil'!E10 -> 91.789616
A10: 6 | B10: ='2. Regresi & Hasil'!D11 -> 84 | C10: ='2. Regresi & Hasil'!E11 -> 88.260664 | D10: =IFERROR(IF(AND(ISNUMBER(B10),ISNUMBER(C10)),ABS(B10-C10),""),"") -> 4.2606641 | E10: =IFERROR(IF(AND(ISNUMBER(B10),ISNUMBER(D10),B10<>0),D10/B10*100,""),"") -> 5.0722191 | F10: =IFERROR(IF(ISNUMBER(E10),IF(E10<=10,"✅ Baik",IF(E10<=20,"⚠ Cukup","❌ Buruk")),"–"),"–") -> ✅ Baik | I10: ='2. Regresi & Hasil'!D11 -> 84 | J10: ='2. Regresi & Hasil'!E11 -> 88.260664
A11: 7 | B11: ='2. Regresi & Hasil'!D12 -> 129 | C11: ='2. Regresi & Hasil'!E12 -> 134.76245 | D11: =IFERROR(IF(AND(ISNUMBER(B11),ISNUMBER(C11)),ABS(B11-C11),""),"") -> 5.7624521 | E11: =IFERROR(IF(AND(ISNUMBER(B11),ISNUMBER(D11),B11<>0),D11/B11*100,""),"") -> 4.4670171 | F11: =IFERROR(IF(ISNUMBER(E11),IF(E11<=10,"✅ Baik",IF(E11<=20,"⚠ Cukup","❌ Buruk")),"–"),"–") -> ✅ Baik | I11: ='2. Regresi & Hasil'!D12 -> 129 | J11: ='2. Regresi & Hasil'!E12 -> 134.76245
A12: 8 | B12: ='2. Regresi & Hasil'!D13 -> 100 | C12: ='2. Regresi & Hasil'!E13 -> 107.509 | D12: =IFERROR(IF(AND(ISNUMBER(B12),ISNUMBER(C12)),ABS(B12-C12),""),"") -> 7.5089968 | E12: =IFERROR(IF(AND(ISNUMBER(B12),ISNUMBER(D12),B12<>0),D12/B12*100,""),"") -> 7.5089968 | F12: =IFERROR(IF(ISNUMBER(E12),IF(E12<=10,"✅ Baik",IF(E12<=20,"⚠ Cukup","❌ Buruk")),"–"),"–") -> ✅ Baik | I12: ='2. Regresi & Hasil'!D13 -> 100 | J12: ='2. Regresi & Hasil'!E13 -> 107.509
A13: 9 | B13: ='2. Regresi & Hasil'!D14 -> 145 | C13: ='2. Regresi & Hasil'!E14 -> 140.78466 | D13: =IFERROR(IF(AND(ISNUMBER(B13),ISNUMBER(C13)),ABS(B13-C13),""),"") -> 4.2153423 | E13: =IFERROR(IF(AND(ISNUMBER(B13),ISNUMBER(D13),B13<>0),D13/B13*100,""),"") -> 2.9071327 | F13: =IFERROR(IF(ISNUMBER(E13),IF(E13<=10,"✅ Baik",IF(E13<=20,"⚠ Cukup","❌ Buruk")),"–"),"–") -> ✅ Baik | I13: ='2. Regresi & Hasil'!D14 -> 145 | J13: ='2. Regresi & Hasil'!E14 -> 140.78466
A14: 10 | B14: ='2. Regresi & Hasil'!D15 -> 152 | C14: ='2. Regresi & Hasil'!E15 -> 150.3042 | D14: =IFERROR(IF(AND(ISNUMBER(B14),ISNUMBER(C14)),ABS(B14-C14),""),"") -> 1.6957994 | E14: =IFERROR(IF(AND(ISNUMBER(B14),ISNUMBER(D14),B14<>0),D14/B14*100,""),"") -> 1.1156575 | F14: =IFERROR(IF(ISNUMBER(E14),IF(E14<=10,"✅ Baik",IF(E14<=20,"⚠ Cukup","❌ Buruk")),"–"),"–") -> ✅ Baik | I14: ='2. Regresi & Hasil'!D15 -> 152 | J14: ='2. Regresi & Hasil'!E15 -> 150.3042
A15: 11 | B15: ='2. Regresi & Hasil'!D16 -> 138 | C15: ='2. Regresi & Hasil'!E16 -> 134.946 | D15: =IFERROR(IF(AND(ISNUMBER(B15),ISNUMBER(C15)),ABS(B15-C15),""),"") -> 3.0540011 | E15: =IFERROR(IF(AND(ISNUMBER(B15),ISNUMBER(D15),B15<>0),D15/B15*100,""),"") -> 2.2130443 | F15: =IFERROR(IF(ISNUMBER(E15),IF(E15<=10,"✅ Baik",IF(E15<=20,"⚠ Cukup","❌ Buruk")),"–"),"–") -> ✅ Baik | I15: ='2. Regresi & Hasil'!D16 -> 138 | J15: ='2. Regresi & Hasil'!E16 -> 134.946
A16: 12 | B16: ='2. Regresi & Hasil'!D17 -> 158 | C16: ='2. Regresi & Hasil'!E17 -> 150.05575 | D16: =IFERROR(IF(AND(ISNUMBER(B16),ISNUMBER(C16)),ABS(B16-C16),""),"") -> 7.944254 | E16: =IFERROR(IF(AND(ISNUMBER(B16),ISNUMBER(D16),B16<>0),D16/B16*100,""),"") -> 5.0280089 | F16: =IFERROR(IF(ISNUMBER(E16),IF(E16<=10,"✅ Baik",IF(E16<=20,"⚠ Cukup","❌ Buruk")),"–"),"–") -> ✅ Baik | I16: ='2. Regresi & Hasil'!D17 -> 158 | J16: ='2. Regresi & Hasil'!E17 -> 150.05575
... A22: 18 | B22: ='2. Regresi & Hasil'!D23 -> 80 | C22: ='2. Regresi & Hasil'!E23 -> 78.162666 | D22: =IFERROR(IF(AND(ISNUMBER(B22),ISNUMBER(C22)),ABS(B22-C22),""),"") -> 1.8373336 | E22: =IFERROR(IF(AND(ISNUMBER(B22),ISNUMBER(D22),B22<>0),D22/B22*100,""),"") -> 2.296667 | F22: =IFERROR(IF(ISNUMBER(E22),IF(E22<=10,"✅ Baik",IF(E22<=20,"⚠ Cukup","❌ Buruk")),"–"),"–") -> ✅ Baik | I22: ='2. Regresi & Hasil'!D23 -> 80 | J22: ='2. Regresi & Hasil'!E23 -> 78.162666
A23: RATA-RATA ERROR | D23: =IFERROR(AVERAGEIF(D5:D22,"<>"),"—") -> 6.1018033 | E23: =IFERROR(AVERAGEIF(E5:E22,"<>"),"—") -> 6.0339792
A25: ✅ Baik : Error ≤ 10%
A26: ⚠ Cukup : Error 10–20%
A27: ❌ Buruk : Error > 20%

Sheet 4. Firmware ESP32
A1: IMPLEMENTASI KE FIRMWARE ESP32
A2: Salin nilai koefisien di bawah ke dalam kode Arduino/ESP32
A4: KOEFISIEN (otomatis dari sheet Regresi)
A5: Parameter | B5: Nilai | C5: Keterangan
A6: a (Intercept) | B6: ='2. Regresi & Hasil'!N7 -> 390.11937 | C6: Salin ke variabel a
A7: b₁ (Mean Red) | B7: ='2. Regresi & Hasil'!N8 -> -0.0011236672 | C7: Salin ke variabel b1
A8: b₂ (Mean IR) | B8: ='2. Regresi & Hasil'!N9 -> -178.20534 | C8: Salin ke variabel b2
A10: TEMPLATE KODE C++ (Arduino IDE / ESP32)
A11: // ─────────────────────────────────────────────────────
A12: // Kalibrasi Glukosa Non-Invasif — ESP32 + MAX30102
A13: // Model: Y = a + b1*meanRed + b2*meanIR
A14: // ─────────────────────────────────────────────────────
A16: #include <Wire.h>
A17: #include "MAX30105.h"
A19: MAX30105 particleSensor;
A21: // === ISI KOEFISIEN DARI SHEET '4. Firmware ESP32' ===
A22: float a = 0.0; // Intercept (sel B6)
A23: float b1 = 0.0; // Mean Red (sel B7)
A24: float b2 = 0.0; // Mean IR (sel B8)
... A60: }
